source_pillar,source_article,article_url,anchor_text,brand,product_name_guess,retailer_url,link_quality,audit_note (context),DIRECT PRODUCT URL FOR SALE,Chateau's Thoughts
Living,Ditch the coffee machine. Get an espresso machine.,https://hessentials.co/living/ditch-the-coffee-machine-get-an-espresso-machine,Breville Bambino,Breville,Bambino,NEEDS_URL,NEEDS_LINK,prose mention only — source URL,https://www.breville.com/us/en/products/espresso/bes450.html,"Small footprint, real espresso logic, no lifestyle theater. It earns its place because it lets the morning ritual feel deliberate without pretending the kitchen is a cafe."
Living,Ditch the coffee machine. Get an espresso machine.,https://hessentials.co/living/ditch-the-coffee-machine-get-an-espresso-machine,Breville Barista Express,Breville,Barista Express,NEEDS_URL,NEEDS_LINK,prose mention only — source URL,https://www.breville.com/us/en/products/espresso/bes870.html,An all-in-one machine that still makes you participate. It is the accessible on-ramp that teaches better habits instead of hiding the process.
Living,Ditch the coffee machine. Get an espresso machine.,https://hessentials.co/living/ditch-the-coffee-machine-get-an-espresso-machine,Burr grinder ($120-$200),Baratza (suggested),Encore (suggested),NEEDS_URL,NEEDS_LINK,no specific model named in prose — Baratza Encore is the standard pick at this price,https://www.baratza.com/en-us/product/encoretm-esp-zcg495,"I would use the Encore ESP over the standard Encore here because the article is about espresso, not drip coffee. It keeps the approachable price logic but gives the grind range the ritual actually needs."
Living,Ditch the coffee machine. Get an espresso machine.,https://hessentials.co/living/ditch-the-coffee-machine-get-an-espresso-machine,Profitec Go,Profitec,Go,NEEDS_URL,NEEDS_LINK,prose mention only — source URL,https://www.wholelattelove.com/products/profitec-go-espresso-machine,"This is the grown-up step before the hobby becomes machinery for machinery's sake. Compact, serious, and plain enough to stay handsome after the novelty wears off."
Living,Ditch the coffee machine. Get an espresso machine.,https://hessentials.co/living/ditch-the-coffee-machine-get-an-espresso-machine,Rancilio Silvia,Rancilio,Silvia,NEEDS_URL,NEEDS_LINK,prose mention only — source URL,https://www.ranciliogroupna.com/rancilio/silvia/,"A classic because it asks something of the person using it. Not frictionless, not decorative, and better for someone who wants the ritual to have a little discipline."
Living,Stop buying plush blankets. Use cotton.,https://hessentials.co/living/stop-buying-plush-blankets-use-cotton,Bedsure Cotton Waffle Blanket,Bedsure,Cotton Waffle Blanket,NEEDS_URL,NEEDS_LINK,prose mention only — source URL,https://bedsurehome.com/products/cotton-waffle-blanket,"This is the budget version that understands the assignment: texture, breathability, and a bed that does not look trapped under synthetic frosting. It gives up heritage, not usefulness."
Living,Stop buying plush blankets. Use cotton.,https://hessentials.co/living/stop-buying-plush-blankets-use-cotton,Coyuchi Organic Cotton Blanket (herringbone),Coyuchi,Organic Cotton Blanket Herringbone,NEEDS_URL,NEEDS_LINK,prose mention only — source URL,https://www.coyuchi.com/products/topanga-organic-matelesse-blanket,"The better cotton blanket should feel dry, dimensional, and lived with. This has enough pattern to register without turning the bed into decoration."
Living,The one pot that does everything,https://hessentials.co/living/the-one-pot-that-does-everything,Le Creuset Dutch Oven (5.5-7qt round),Le Creuset,Round Dutch Oven 5.5-7qt,NEEDS_URL,NEEDS_LINK,prose mention only — source URL,https://www.lecreuset.com/round-dutch-oven/LS2501.html,"The pot that makes the stove look like a place where things happen. Heavy, forgiving, and visually permanent enough to live out instead of being stored away."
Living,The one pot that does everything,https://hessentials.co/living/the-one-pot-that-does-everything,Stainless Replacement Knob (Le Creuset / Staub),Le Creuset / Staub,Stainless Lid Knob,NEEDS_URL,NEEDS_LINK,prose mention only — source URL,https://www.lecreuset.com/stainless-steel-knob/94027.html,"A small upgrade that changes the temperature of the whole object. It makes the pot feel more tool than collectible, which is exactly the correction."
Living,The one pot that does everything,https://hessentials.co/living/the-one-pot-that-does-everything,Staub Dutch Oven (5.5-7qt round),Staub,Round Dutch Oven 5.5-7qt,NEEDS_URL,NEEDS_LINK,prose mention only — source URL,https://www.zwilling.com/us/staub/cast-iron/round-cocottes-dutch-ovens/,"The moodier counterpart to Le Creuset, with less gloss and more weight. It belongs here because it looks better with use, not worse."
Style,Casual is not a free pass,https://hessentials.co/style/casual-is-not-a-free-pass,Abercrombie for a more accessible version,Abercrombie,Knit Polo / Tee,https://www.abercrombie.com/shop/us/mens-tops,collection,,https://www.abercrombie.com/shop/us/p/crochet-style-johnny-collar-sweater-polo-58036319,"The accessible version works when it keeps the knit texture and open-collar ease without trying to imitate a luxury polo too closely. It gives the shape, not the mythology."
Style,Casual is not a free pass,https://hessentials.co/style/casual-is-not-a-free-pass,Aritzia for a softer drape,Aritzia,Trouser,https://www.aritzia.com/us/en/clothing/pants,collection,,https://www.aritzia.com/us/en/product/effortless-pant/77775.html,"A softer trouser that understands movement. The point is not sharp tailoring here, it is making casual clothes look chosen instead of surrendered to."
Style,Casual is not a free pass,https://hessentials.co/style/casual-is-not-a-free-pass,Birkenstock Boston Suede for a more relaxed version,Birkenstock,Boston Suede,https://www.birkenstock.com/us/boston-soft-footbed-suede-leather/boston-suede-suedeleather-softfootbed-eva-u_46.html,product,clean direct-to-product,https://www.birkenstock.com/us/boston-soft-footbed-suede-leather/boston-suede-suedeleather-softfootbed-eva-u_46.html,"The Boston survives overexposure because it still does the job. Soft suede, honest shape, and enough indifference to make a casual outfit feel intentional."
Style,Casual is not a free pass,https://hessentials.co/style/casual-is-not-a-free-pass,J.Crew for a simpler option,J.Crew,Shirt,https://www.jcrew.com/c/mens/categories/clothing/shirts,collection,,https://www.jcrew.com/p/mens/categories/clothing/shirts/secret-wash-shirts/secret-wash-cotton-poplin-shirt/BE996,A plain shirt that does not beg to be noticed. It earns its place as the reset button when the outfit needs structure but not ceremony.
Style,Casual is not a free pass,https://hessentials.co/style/casual-is-not-a-free-pass,Knit Polo or Tee,Reiss,Knit Polo / Tee,https://www.reiss.com/us/en/category/mens-tops,collection,,https://www.reiss.com/us/en/style/su558947/n49742,"Reiss is useful when the line needs polish without becoming precious. The knit does the work quietly: collar, weight, and a cleaner frame around the face."
Style,Casual is not a free pass,https://hessentials.co/style/casual-is-not-a-free-pass,Relaxed Trouser,COS,Relaxed Trouser,https://www.cos.com/en_usd/men/men-trousers.html,collection,,https://www.cos.com/en-us/men/menswear/trousers/product/relaxed-fit-twill-trousers-black-1219005001,A relaxed trouser with enough architecture to avoid looking sleepy. The whole argument depends on this balance: ease with a spine.
Style,Casual is not a free pass,https://hessentials.co/style/casual-is-not-a-free-pass,Soft Overshirt,Alex Mill,Overshirt,https://www.alexmill.com/collections/men-shirts,collection,,https://www.alexmill.com/products/mill-shirt-in-vintage-wash-cotton-twill-in-military-olive,"Alex Mill is strongest when it looks like it came from a useful wardrobe, not a styled rack. This gives casual dressing a second layer with actual weight."
Style,Casual is not a free pass,https://hessentials.co/style/casual-is-not-a-free-pass,Suede Everyday Shoe,Clarks,Suede Shoe,https://www.clarks.com/c/mens-shoes/suede,collection,,https://www.clarks.com/en-us/wallabee/26155519-p,"The Wallabee is the better cultural answer than a generic suede shoe. Soft, odd, grounded, and relaxed in a way that still has a point of view."
Style,It's usually the small things,https://hessentials.co/style/its-usually-the-small-things,Bickmore Bick 4 for a more accessible option,Bickmore,Bick 4 Leather Conditioner,https://bickmore.com/products/bick-4-leather-conditioner-8oz,product,clean direct-to-product,https://bickmore.com/products/bick-4-leather-conditioner-8oz,"The basic version that does not overcomplicate care. It earns the slot because maintaining things should feel normal, not like entering a private club."
Style,It's usually the small things,https://hessentials.co/style/its-usually-the-small-things,Conair Turbo Extreme for an everyday version,Conair,Turbo Extreme Steamer,https://www.target.com/s,BROKEN,search query stripped on landing — replace with canonical product URL,https://www.conair.com/extremesteam-handheld-fabric-steamer/GS38R.html,"This is the practical steamer, not the beautiful one. It gives up counter appeal, but it gets wrinkles out before the outfit loses momentum."
Style,It's usually the small things,https://hessentials.co/style/its-usually-the-small-things,Handheld Garment Steamer,Steamery,Cirrus No. 2 Steamer,https://www.amazon.com/STEAMERY-Cirrus-NO-2-Steamer-Black/dp/B07NF9GTBF,product,clean direct-to-product,https://steamery.us/products/cirrus-2-handheld-steamer,Steamery makes the maintenance object attractive enough to leave visible. That matters because the thing you see is the thing you actually use.
Style,It's usually the small things,https://hessentials.co/style/its-usually-the-small-things,Kiwi for a basic alternative,Kiwi,Suede Cleaning Kit,https://www.target.com/s,BROKEN,search query stripped on landing — replace with canonical product URL,https://www.kiwicare.com/en-us/products/kiwi-suede-nubuck-cleaner,"Basic, inexpensive, and not pretending to be atelier care. It belongs as the floor, not the fantasy: better to clean the suede imperfectly than never clean it at all."
Style,It's usually the small things,https://hessentials.co/style/its-usually-the-small-things,Leather Conditioner,Saphir,Renovateur,https://saphir.com/products/renovateur,product,clean direct-to-product,https://saphir.com/products/renovateur,"This is the elevated standard because it treats leather like something meant to age. Not shine for shine's sake, just nourishment and depth."
Style,It's usually the small things,https://hessentials.co/style/its-usually-the-small-things,Suede Brush + Eraser Kit,Jason Markk,Premium Suede Cleaning Kit,https://jasonmarkk.com/products/premium-suede-cleaning-kit,product,clean direct-to-product,https://jasonmarkk.com/products/premium-suede-cleaning-kit,"Small enough to own, specific enough to matter. It keeps suede from becoming precious, which is the only way suede stays wearable."
Style,People can feel when it's forced,https://hessentials.co/style/people-can-feel-when-its-forced,Compact Speaker,Sonos,Era 100,https://www.sonos.com/en-us/shop/era-100,product,clean direct-to-product,https://www.sonos.com/en-us/shop/era-100,"A room changes when the sound has a place. The Era 100 is clean enough to disappear, but good enough that people stop reaching for the phone speaker."
Style,People can feel when it's forced,https://hessentials.co/style/people-can-feel-when-its-forced,Leviton Decora for a simpler install,Leviton,Decora Dimmer,https://www.leviton.com/products/residential/lighting-controls/decora-dimmers-fan-controls,collection,,https://www.leviton.com/en/products/d26hd-2rw,The simpler switch is the right answer when smart home becomes too much theater. It changes the light without making the room feel like a demo.
Style,People can feel when it's forced,https://hessentials.co/style/people-can-feel-when-its-forced,Marshall Stanmore III for warmer character,Marshall,Stanmore III,https://www.marshall.com/us/en/product/stanmore-iii,product,clean direct-to-product,https://www.marshall.com/us/en/product/stanmore-iii,This is not the invisible speaker. It earns its place when the room can handle an object with a little music history and a warmer visual register.
Style,People can feel when it's forced,https://hessentials.co/style/people-can-feel-when-its-forced,P.F. Candle Co. for an everyday version,P.F. Candle Co.,Candle,https://pfcandleco.com/collections/candles,collection,,https://pfcandleco.com/products/teakwood-tobacco-soy-candle,"The everyday candle should not smell like a hotel lobby trying to impress you. Teakwood and Tobacco is familiar, warm, and casual enough to burn on a Tuesday."
Style,People can feel when it's forced,https://hessentials.co/style/people-can-feel-when-its-forced,Schott Zwiesel Pure for an everyday version,Schott Zwiesel,Pure Wine Glass,https://www.crateandbarrel.com/search,BROKEN,search query stripped on landing — replace with canonical product URL,https://www.crateandbarrel.com/schott-zwiesel-pure-cabernet-wine-glass/s172144,"The everyday glass should keep the silhouette without the anxiety. It gives up the hand-blown romance, but keeps the table looking grown."
Style,People can feel when it's forced,https://hessentials.co/style/people-can-feel-when-its-forced,Smart Dimmers,Lutron Caseta,Diva Smart Dimmer Switch,https://www.casetawireless.com/us/en/products/dimmers-switches/diva-smart-dimmer-switch,product,clean direct-to-product,https://www.casetawireless.com/us/en/products/dimmers-switches/diva-smart-dimmer-switch,"This is the rare smart-home object that improves the room without asking to be noticed. Better light, less visible tech, and no performance of futurism."
Style,People can feel when it's forced,https://hessentials.co/style/people-can-feel-when-its-forced,Tuberose or Wood Candle,Diptyque,Tubereuse Candle 190g,https://www.diptyqueparis.com/en_us/p/tubereuse-tuberose-candle-190g.html,product,clean direct-to-product,https://www.diptyqueparis.com/en_us/p/tubereuse-tuberose-candle-190g.html,"Diptyque only belongs when the scent is specific, not when the label is doing all the work. Tubereuse has a point of view: floral, humid, and memorable."
Style,People can feel when it's forced,https://hessentials.co/style/people-can-feel-when-its-forced,Universal Wine Glass,Zalto,DenkArt Universal Wine Glass,https://www.amazon.com/Zalto-DenkArt-Universal-Hand-Blown-Crystal/dp/B08DH1F81Q,product,clean direct-to-product,https://shop.zalto.co/products/zalto-denkart-universal-glass,"The universal glass is less about wine expertise than respect for the pour. Thin rim, good hand feel, and a table that immediately reads more considered."
Style,Style is not gendered,https://hessentials.co/style/style-is-not-gendered,G.H. Bass Weejuns for the original at half the price,G.H. Bass,Weejuns,https://www.ghbass.com/collections/the-original-weejuns,collection,,https://www.ghbass.com/products/whitney-weejuns-penny-loafers-black-leather,The original logic still matters here. It gives the loafer shape and cultural memory without asking the reader to buy status first.
Style,Style is not gendered,https://hessentials.co/style/style-is-not-gendered,Heavyweight Crewneck Knit,Naadam,Cashmere Sweater,https://naadam.co/collections/cashmere-sweaters,collection,,https://naadam.co/products/mens-cashmere-sweater,Naadam works when the sweater needs softness without becoming delicate. The point is a knit that settles into the body and still holds its line.
Style,Style is not gendered,https://hessentials.co/style/style-is-not-gendered,Leather Derby or Loafer,Margaret Howell,Leather Loafer,https://www.margarethowell.co.uk/men/shoes,collection,,https://www.margarethowell.co.uk/men/shoes/mhl-plain-derby-shoe-black-mlf1052,"The Margaret Howell shoe earns the row because it refuses gender performance in either direction. Plain, grounded, and better because nobody is trying too hard."
Style,Style is not gendered,https://hessentials.co/style/style-is-not-gendered,Toteme for a more elevated version,Toteme,Wool Trouser,https://toteme-studio.com/collections/trousers,collection,,https://toteme-studio.com/products/signature-trousers-black,Toteme is the elevated answer when restraint needs authority. The trouser is severe enough to sharpen everything around it without stealing the argument.
Style,Style is not gendered,https://hessentials.co/style/style-is-not-gendered,Uniqlo for an everyday version,Uniqlo,Cashmere Sweater,https://www.uniqlo.com/us/en/men/sweaters/cashmere,collection,,https://www.uniqlo.com/us/en/products/E450535-000/00,"The trade-off is real: less depth, less romance, less long-term beauty. But the cashmere idea is intact enough for someone building the uniform before upgrading it."
Style,Style is not gendered,https://hessentials.co/style/style-is-not-gendered,Wide-Leg Wool Trouser,COS,Wool Trouser,https://www.cos.com/en_usd/search/,WEAK,goes to search homepage — verify keyword preserved in URL,https://www.cos.com/en-us/women/womenswear/trousers/product/wide-leg-tailored-wool-trousers-black-1220394001,"COS is strongest when the shape does the talking. This keeps the leg clean, wide, and architectural without turning the outfit into a costume."
Style,Texture is the outfit,https://hessentials.co/style/texture-is-the-outfit,Crate & Barrel for a classic version,Crate & Barrel,Dinnerware,https://www.crateandbarrel.com/dining-and-entertaining/dinnerware-place-settings/1,collection,duplicate URL with The dinner plate is a style object,https://www.crateandbarrel.com/mercer-dinner-plate/s237329,"Classic white dinnerware earns the slot when it looks useful, not bridal. Mercer keeps the table clean and lets the food carry the color."
Style,Texture is the outfit,https://hessentials.co/style/texture-is-the-outfit,Linen Napkin Set,Food52,Linen Napkins,https://food52.com/shop/categories/napkins,collection,,https://food52.com/shop/products/8393-five-two-everyday-soft-cotton-napkins,Food52 is the accessible table answer when the napkin needs texture without stiffness. It gives the meal a little ceremony and still looks right wrinkled.
Style,Texture is the outfit,https://hessentials.co/style/texture-is-the-outfit,Matte Ceramic Dishware,Fable Home,Matte Ceramic Dinnerware,https://fablehome.co/collections/dinnerware,collection,duplicate URL with The dinner plate is a style object,https://fable.com/products/dinner-plates,Matte dishware works when the color and rim stay quiet. Fable keeps the plate soft enough for everyday food but composed enough for the table to feel edited.
Style,Texture is the outfit,https://hessentials.co/style/texture-is-the-outfit,Naadam for a softer more premium feel,Naadam,Mens Cashmere Sweater,https://naadam.co/collections/mens-cashmere-sweaters,collection,duplicate URL with The anti-trend rule,https://naadam.co/products/mens-cashmere-sweater,The texture matters more than the label. This is the sweater you use when the outfit needs softness you can see before anyone touches it.
Style,Texture is the outfit,https://hessentials.co/style/texture-is-the-outfit,Suede Loafer,Tod's,Gommino Loafer,https://www.tods.com/us-en/Men/Shoes/Gommino-and-City-Gommino/c/211-Tods/,collection,duplicate URL with The signature piece,https://www.tods.com/us-en/Gommino-Driving-Shoes-in-Suede/p/XXM0GW0Q700RE0S800/,"Tod's belongs because the softness is structural. The suede, sole, and low profile make the shoe feel relaxed without becoming background."
Style,Texture is the outfit,https://hessentials.co/style/texture-is-the-outfit,Textured Knit Sweater,Everlane,Mens Sweater,https://www.everlane.com/collections/mens-sweaters,collection,,https://www.everlane.com/products/mens-cotton-crew-sweater,"Everlane is the quieter accessible knit here, not the hero. It gives texture and clean proportion while staying honest about its simplicity."
Style,Texture is the outfit,https://hessentials.co/style/texture-is-the-outfit,Vince for a more accessible version,Vince,Mens Shoes,https://www.vince.com/men/shoes,collection,,https://www.vince.com/product/oasis-suede-sneaker-MF9735685.html,"Vince works as the softer commercial answer when the shoe needs texture but not a heritage lecture. It gives up character, but it keeps the outfit calm."
Style,Texture is the outfit,https://hessentials.co/style/texture-is-the-outfit,Zara Home for a simpler option,Zara Home,Napkins,https://www.zarahome.com/us/dining-room/napkins-c1020528.html,collection,,https://www.zarahome.com/us/washed-linen-napkin-l42230022,"This is the budget table move that still understands touch. It will not have the same depth as better linen, but the relaxed texture gets the room most of the way there."
Style,The 5-piece rule,https://hessentials.co/style/the-5-piece-rule,COS for a cleaner silhouette,COS,Men's T-shirt,https://www.cos.com/en_usd/men/men-tops/men-t-shirts.html,collection,,https://www.cos.com/en-us/men/menswear/tshirts/regular-fit/product/boat-neck-cotton-t-shirt-white-1336154001,"Cleaner neckline, better weight, less noise. This earns the base layer slot because it makes the simplest piece feel selected."
Style,The 5-piece rule,https://hessentials.co/style/the-5-piece-rule,Contrast Shoe,Common Projects (intended),Achilles Black,https://www.nordstrom.com/sr,BROKEN,,https://www.commonprojects.com/products/original-achilles-low-in-leather-black-1528,"I would move this back to Common Projects if available. The contrast shoe should be spare and decisive, not softened into a fashion sneaker with extra design language."
Style,The 5-piece rule,https://hessentials.co/style/the-5-piece-rule,Everlane for a more accessible version,Everlane,Men's Shirt,https://www.everlane.com/collections/mens-shirts,collection,,https://www.everlane.com/products/mens-slim-oxford-navy-bone,The accessible shirt works because it keeps the stripe crisp and the shape ordinary in the best sense. It gives the five pieces rhythm without adding a new idea.
Style,The 5-piece rule,https://hessentials.co/style/the-5-piece-rule,Madewell for a more accessible price point,Madewell,Jewelry,https://www.madewell.com/jewelry,collection,,https://www.madewell.com/p/womens/accessories/jewelry/earrings/chunky-small-hoop-earrings/NN563/,"Madewell should only appear here as a clean gesture, not a jewelry personality. These are useful because they add weight near the face without asking for attention."
Style,The 5-piece rule,https://hessentials.co/style/the-5-piece-rule,Minimal Accessory,Mejuri,Jewelry,https://mejuri.com/shop/categories/all-jewelry,collection,,https://mejuri.com/products/bold-hoops,"Mejuri can feel over-optimized, so the piece has to be almost blunt. A simple hoop works because it reads as punctuation, not branding."
Style,The 5-piece rule,https://hessentials.co/style/the-5-piece-rule,Structured Base Tee,Buck Mason,Heavyweight Tee,https://www.buckmason.com/collections/heavyweight-tees,collection,,https://www.buckmason.com/products/white-field-spec-cotton-heavy-tee,"I would swap to white for the permanent archive. The point is structure, and the clean base tee should be the most usable version, not a seasonal color."
Style,The 5-piece rule,https://hessentials.co/style/the-5-piece-rule,Tailored Trouser,Theory,Men's Pants,https://www.theory.com/men/pants,collection,,https://www.theory.com/men/pants/zaine-pant-in-precision-ponte/L0197236_XHX.html,"Theory earns this slot because the trouser sharpens without becoming dressy. The ponte keeps it wearable, but the line still cleans up the whole frame."
Style,The 5-piece rule,https://hessentials.co/style/the-5-piece-rule,Textured Layer,Alex Mill,Shirt Jacket,https://www.alexmill.com/collections/men-shirt-jackets-overshirts,collection,,https://www.alexmill.com/products/garment-dyed-work-jacket-in-linen-in-pine-grove,"This is the fifth piece doing real work. It adds texture, color, and a little utility without turning the outfit into styling."
Style,The 5-piece rule,https://hessentials.co/style/the-5-piece-rule,Uniqlo for a budget version,Uniqlo,Smart Pants,https://www.uniqlo.com/us/en/men/pants/smart-pants,collection,,https://www.uniqlo.com/us/en/products/E450251-000/00?colorDisplayCode=32&sizeDisplayCode=029&pldDisplayCode=034,"The budget version is not pretending to be Theory. It gives the reader the trouser idea first: cleaner leg, easier waist, better decision."
Style,The 5-piece rule,https://hessentials.co/style/the-5-piece-rule,Veja V-10 in black for a softer alternative,Veja,V-10 Black,https://www.veja-store.com/en_us/men-v-10,product/category,,https://www.allsaints.com/us/men/boots-and-shoes/sneakers/brody-leather-low-top-sneakers/USM086FB-5.html,"The AllSaints swap is stronger than the original Veja direction. Less wholesome, less internet-uniform, and better aligned with the slightly sharper five-piece argument."
Style,The anti-trend rule,https://hessentials.co/style/the-anti-trend-rule,Classic White Button-Down,Toteme,White Shirt,https://toteme-studio.com/collections/shirts,collection,,https://toteme-studio.com/products/boxy-pocket-shirt-white,"Toteme makes the white shirt feel edited instead of basic. The cut is the point: familiar enough to disappear, architectural enough to change the outfit."
Style,The anti-trend rule,https://hessentials.co/style/the-anti-trend-rule,Crewneck Cashmere,Naadam,Mens Cashmere Sweater,https://naadam.co/collections/mens-cashmere-sweaters,collection,duplicate URL with Style is not gendered (mens version),https://naadam.co/products/mens-cashmere-sweater,"The anti-trend sweater should not announce itself. This one is useful because it gives softness, color discipline, and enough body to survive beyond a season."
Style,The anti-trend rule,https://hessentials.co/style/the-anti-trend-rule,Everlane Relaxed Oxford for an everyday version,Everlane,Oxford Shirt,https://www.everlane.com/collections/mens-shirts,collection,,https://www.everlane.com/products/mens-relaxed-oxford-shirt-white,"The everyday oxford earns its place when it looks better a little worn. It gives up the Toteme severity, but keeps the white-shirt discipline alive."
Style,The anti-trend rule,https://hessentials.co/style/the-anti-trend-rule,Levi's 501 — the original still correct,Levi's,501 Jean,https://www.levi.com/US/en_US/jeans-by-fit-number/men/jeans/501/c/levi_jeans_by_fit_number_men_jeans_501,collection,,https://www.levi.com/US/en_US/clothing/men/jeans/straight/501-original-fit-mens-jeans/p/005013482,"The 501 remains correct because it is not trying to be current. Straight leg, cultural memory, and a shape that improves when it stops looking new."
Style,The anti-trend rule,https://hessentials.co/style/the-anti-trend-rule,Straight-Leg Denim,AGOLDE,90s Jean,https://agolde.com/collections/womens-90s-jean,collection,,https://agolde.com/products/90s-pinch-waist-high-rise-straight-fall-out,"AGOLDE works when the denim needs a cleaner, more modern line without chasing trend denim. The wash should feel lived in, not distressed for attention."
Style,The anti-trend rule,https://hessentials.co/style/the-anti-trend-rule,Uniqlo 100% Cashmere for a more accessible option,Uniqlo,Cashmere Sweater,https://www.uniqlo.com/us/en/men/sweaters/cashmere,collection,duplicate URL with Style is not gendered,https://www.uniqlo.com/us/en/products/E450535-000/00,"This is the practical version of the cashmere idea. It gives up luxury depth, but it lets the reader test the uniform logic before investing."
Style,The bag sets the tone,https://hessentials.co/style/the-bag-sets-the-tone,Classic Easy Tote,Cuyana,Classic Easy Tote,https://cuyana.com/products/classic-easy-tote,product,clean direct-to-product,https://cuyana.com/products/classic-easy-tote,"Cuyana works because the tote looks like it has a life beyond errands. Soft structure, clean leather, and no visible argument about taste."
Style,The bag sets the tone,https://hessentials.co/style/the-bag-sets-the-tone,Compact Crossbody,Polene,Numero Dix,https://eng.polene-paris.com/collections/numero-dix,collection,,REMOVE FROM ARTICLE,
Style,The bag sets the tone,https://hessentials.co/style/the-bag-sets-the-tone,L.L.Bean Boat & Tote (zip-top) for the same logic at a third of the cost,L.L.Bean,Boat & Tote (zip-top),https://www.llbean.com/llb/shop/37037,product,clean direct-to-product,https://www.llbean.com/llb/shop/37037,"The Bean Tote is not a dupe, it is its own language. Canvas, utility, and a kind of democratic permanence that makes the lower price feel like the point."
Style,The bag sets the tone,https://hessentials.co/style/the-bag-sets-the-tone,Madewell Transport for a more accessible version,Madewell,Medium Transport Tote,https://www.madewell.com/p/womens/accessories/bags/totes/the-medium-transport-tote/F5788/,product,clean direct-to-product,https://www.madewell.com/p/womens/accessories/bags/totes/the-medium-transport-tote/F5788/,"The Transport Tote is the accessible leather answer because it looks better when it is actually used. It gives up refinement, but keeps the daily-carry logic."
Style,The bag sets the tone,https://hessentials.co/style/the-bag-sets-the-tone,Mansur Gavriel Mini Tote for a softer-shape alternative,Mansur Gavriel,Small Tote,https://www.mansurgavriel.com/collections/small-tote,collection,,https://www.mansurgavriel.com/products/small-zip-tote-black-flamma,"A softer shape when the Cuyana line feels too clean. It still reads edited, but with a little more personality in the hand."
Style,The bag sets the tone,https://hessentials.co/style/the-bag-sets-the-tone,Waxed Canvas Carryall,Filson,Small Rugged Twill Field Bag,https://www.filson.com/products/small-rugged-twill-field-bag-tan-1,product,clean direct-to-product,https://www.filson.com/small-rugged-twill-field-bag.html,"Filson gives the bag a job before it gives it a look. The texture, hardware, and scale make the carryall feel earned instead of styled."
Style,The dinner plate is a style object,https://hessentials.co/style/the-dinner-plate-is-a-style-object,California Olive Ranch in a refilled bottle,California Olive Ranch,Olive Oil,https://www.californiaoliveranch.com/collections/olive-oil,collection,,https://www.californiaoliveranch.com/products/100-california-extra-virgin-olive-oil,This belongs because it separates the table ritual from luxury pricing. Good olive oil in a better bottle is exactly the kind of quiet upgrade Hessentials understands.
Style,The dinner plate is a style object,https://hessentials.co/style/the-dinner-plate-is-a-style-object,Crate & Barrel for a more accessible price point,Crate & Barrel,Cloth Napkins,https://www.crateandbarrel.com/dining-and-entertaining/cloth-napkins/1,collection,,https://www.crateandbarrel.com/mercer-blue-stripe-organic-cotton-napkin/s442717,"The accessible napkin should bring pattern lightly, not theme the meal. A simple stripe gives the table movement without making it cute."
Style,The dinner plate is a style object,https://hessentials.co/style/the-dinner-plate-is-a-style-object,Crate & Barrel for a thinner-rim alternative,Crate & Barrel,Dinnerware,https://www.crateandbarrel.com/dining-and-entertaining/dinnerware-place-settings/1,collection,,https://www.crateandbarrel.com/marin-white-dinner-plate/s402006,Marin is the better Crate answer here because the rim feels softer and more handmade than Mercer. It keeps the price approachable without flattening the table.
Style,The dinner plate is a style object,https://hessentials.co/style/the-dinner-plate-is-a-style-object,Flake Salt,Maldon,Flake Salt,https://www.williams-sonoma.com/products/maldon-salt/,product,clean direct-to-product,https://www.williams-sonoma.com/products/maldon-salt/,Maldon is correct because it turns seasoning into a visible finishing gesture. The flakes matter because texture is part of taste.
Style,The dinner plate is a style object,https://hessentials.co/style/the-dinner-plate-is-a-style-object,Jacobsen for an American-made version,Jacobsen,Flake Finishing Sea Salt,https://www.williams-sonoma.com/m/products/jacobsen-salt-company-flake-finishing-sea-salt/,product,clean direct-to-product,https://jacobsensalt.com/products/flake-finishing-salt,"Jacobsen is not a substitute for Maldon so much as a different coastal voice. It keeps the finishing-salt ritual and adds a more local, mineral feeling."
Style,The dinner plate is a style object,https://hessentials.co/style/the-dinner-plate-is-a-style-object,Linen Napkins,Hawkins NY,Linen Napkins,https://hawkinsnewyork.com/collections/linens-and-textiles,collection,,https://hawkinsnewyork.com/products/simple-linen-napkins-set-of-4,"Hawkins gets the linen right because the colors look lived with, not event-planned. The napkin should make dinner feel slower without turning formal."
Style,The dinner plate is a style object,https://hessentials.co/style/the-dinner-plate-is-a-style-object,Olive Oil Bottle with Pour Spout,Brightland,Olive Oil,https://brightland.co/collections/olive-oil,collection,,https://brightland.co/products/awake,"Brightland only earns the slot as the bottle-as-table-object move. The oil is good, but the reason it belongs here is visibility, color, and the ritual of pouring."
Style,The dinner plate is a style object,https://hessentials.co/style/the-dinner-plate-is-a-style-object,Wide-Rim White Dinnerware,Fable Home,Wide-Rim Dinnerware,https://fablehome.co/collections/dinnerware,collection,,https://fable.com/products/dinner-plates,"Fable gives the plate a quiet rim and a softer surface. It is tableware with presence, but it still lets dinner be dinner."
Style,The entryway test,https://hessentials.co/style/the-entryway-test,CB2 for a cleaner profile,CB2,Table Lamp,https://www.cb2.com/lighting/table-lamps/1,collection,,https://www.cb2.com/bell-white-table-lamp/s516237,"CB2 is useful when the lamp needs shape without nostalgia. Clean profile, sculptural enough, and quiet enough to not hijack the entry."
Style,The entryway test,https://hessentials.co/style/the-entryway-test,Catchall Tray,Hawkins NY,Catchall Tray,https://hawkinsnewyork.com/collections/trays,collection,,https://hawkinsnewyork.com/products/simple-marble-tray,The catchall should make daily mess look intentional without becoming a decorative bowl of nothing. Stone gives keys and sunglasses a proper landing place.
Style,The entryway test,https://hessentials.co/style/the-entryway-test,Ceramic Table Lamp,Cedar & Moss,Ceramic Table Lamp,https://cedarandmoss.com/collections/table-lamps,collection,,https://cedarandmoss.com/products/luna-table-lamp,A ceramic lamp softens the threshold immediately. It brings material warmth before the rest of the room has to explain itself.
Style,The entryway test,https://hessentials.co/style/the-entryway-test,Crate & Barrel for a basic version,Crate & Barrel,Tray,https://www.crateandbarrel.com/decorating-and-accessories/trays/1,collection,,https://www.crateandbarrel.com/french-kitchen-marble-rectangular-tray/s467364,The basic tray works because marble does not need an invented personality. It holds the small things and makes them look less accidental.
Style,The entryway test,https://hessentials.co/style/the-entryway-test,Floor-Length Mirror,West Elm,Full-Length Mirror,https://www.westelm.com/shop/decor/decorative-mirrors/full-length-mirrors/,collection,,https://www.westelm.com/products/mid-century-floor-mirror-h4053/,"The mirror belongs because the entryway is a checkpoint, not storage. A full-length reflection gives the room confidence before anyone leaves it."
Style,The entryway test,https://hessentials.co/style/the-entryway-test,IKEA Hovet for the same effect at a fraction of the price,IKEA,Hovet Mirror,https://www.ikea.com/us/en/p/hovet-mirror-aluminum-40507196/,product,clean direct-to-product,https://www.ikea.com/us/en/p/hovet-mirror-aluminum-50038213/,"The Hovet is the rare budget object with real scale. It gives up material richness, but not the dramatic vertical effect."
Style,The entryway test,https://hessentials.co/style/the-entryway-test,Rejuvenation for similar quality,Rejuvenation,Wall Hook,https://www.rejuvenation.com/products/category/hardware/wall-hooks,collection,,https://www.rejuvenation.com/products/ladd-wall-hook/,"Rejuvenation is the quieter hardware answer when the hook needs weight and not ornament. It looks installed, not added."
Style,The entryway test,https://hessentials.co/style/the-entryway-test,Wall-Mounted Brass Hook,Schoolhouse,Brass Wall Hook,https://www.schoolhouse.com/collections/hooks-hardware,collection,,https://www.schoolhouse.com/products/classic-hook,A brass hook is a small test of standards. This one earns the place because it makes even the temporary things look considered.
Style,The scent people remember,https://hessentials.co/style/the-scent-people-remember,Acqua di Parma Colonia for a more affordable classic,Acqua di Parma,Colonia,https://www.acquadiparma.com/default/en/colonia/COLONIAEDCRP.html,product,clean direct-to-product,https://www.acquadiparma.com/en-us/p/colonia-eau-de-cologne-COLONIAEDC.html,"Colonia is the brighter classic, and that matters. It gives polish without heaviness and feels inherited without being dusty."
Style,The scent people remember,https://hessentials.co/style/the-scent-people-remember,Eau de Cologne,Chanel,Les Eaux de Chanel,https://www.chanel.com/us/fragrance/c/7x1x1x37/les-eaux-de-chanel/,collection,,https://www.chanel.com/us/fragrance/p/102440/paris-biarritz-les-eaux-de-chanel-eau-de-toilette-spray/,"Paris-Biarritz is the Chanel answer because it keeps the cologne idea crisp, airy, and a little sun-washed. Elegant, but not dressed for dinner."
Style,The scent people remember,https://hessentials.co/style/the-scent-people-remember,Goldfield & Banks 'Velvet Splendour' for a softer take,Goldfield & Banks,Velvet Splendour,https://goldfieldbanks.com/products/velvet-splendour,BROKEN,⚠️ DOMAIN DOES NOT RESOLVE — replace with https://us.goldfieldandbanks.com/products/velvet-splendour,https://us.goldfieldandbanks.com/products/velvet-splendour-perfume,The softer take should still have character. Velvet Splendour gives warmth and bloom without collapsing into the generic clean-skin category.
Style,The scent people remember,https://hessentials.co/style/the-scent-people-remember,Maison Margiela Replica Jazz Club for similar warmth at half the price,Maison Margiela,Replica Jazz Club,https://www.sephora.com/product/replica-jazz-club-P385350,product,clean direct-to-product,https://www.maisonmargiela-fragrances.us/fragrances/replica/replica-jazz-club/MM008.html,"Jazz Club is the accessible warmth with a real atmosphere. It is more obvious than Le Labo, but the tobacco and rum still leave an impression."
Style,The scent people remember,https://hessentials.co/style/the-scent-people-remember,Santal 33,Le Labo,Santal 33,https://www.lelabofragrances.com/santal-33-147.html,product,clean direct-to-product,https://www.lelabofragrances.com/santal-33-147.html,"Santal 33 is overexposed, but still architecturally correct. It stays only because the scent has become a cultural object, not because it is obscure."
Style,The scent people remember,https://hessentials.co/style/the-scent-people-remember,Vetiver,Sephora,Vetiver Eau de Toilette,https://www.sephora.com/product/vetiver-eau-de-toilette-P380901,product,clean direct-to-product,FLAG FOR JORDAN: Sephora is too broad. Choose a specific vetiver house or remove this anchor.,A generic Sephora vetiver weakens the scent argument. I would either name Guerlain Vetiver for the classic lane or remove the row rather than pretend the retailer is the point.
Style,The signature piece,https://hessentials.co/style/the-signature-piece,Alex Mill for the same shape at half the price,Alex Mill,Chore Coat,https://www.alexmill.com/collections/men-shirt-jackets-overshirts,collection,duplicate URL with The 5-piece rule,https://www.alexmill.com/products/work-jacket-in-cotton-twill-in-military-olive,"Alex Mill gives the chore-coat shape without the full heritage price. It is lighter in myth, but still useful, square, and easy to make personal."
Style,The signature piece,https://hessentials.co/style/the-signature-piece,Field Watch,Hamilton,Khaki Field Mechanical,https://www.hamiltonwatch.com/en-us/h69439931-khaki-field-mechanical.html,product,clean direct-to-product,https://www.hamiltonwatch.com/en-us/h69439931-khaki-field-mechanical.html,"The field watch earns its place because it looks like a tool first. Small face, clean numbers, and no performance of wealth."
Style,The signature piece,https://hessentials.co/style/the-signature-piece,Sezane for a softer more accessible version,Sezane,Loafer,https://www.sezane.com/us/category/shoes-1,collection,,https://www.sezane.com/us/product/andre-loafers/smooth-black,"The softer loafer keeps the idea approachable without losing the line. It gives up Tod's material depth, but keeps the quiet, polished foot."
Style,The signature piece,https://hessentials.co/style/the-signature-piece,Suede Loafer,Tod's,Gommino Loafer,https://www.tods.com/us-en/Men/Shoes/Gommino-and-City-Gommino/c/211-Tods/,collection,,https://www.tods.com/us-en/Gommino-Driving-Shoes-in-Suede/p/XXM0GW0Q700RE0S800/,"Tod's belongs because the softness is structural. The suede, sole, and low profile make the shoe feel relaxed without becoming background."
Style,The signature piece,https://hessentials.co/style/the-signature-piece,Timex Marlin for a vintage-feel alternative,Timex,Marlin,https://www.timex.com/marlin-collection/,collection,,https://timex.com/products/marlin-hand-wound-34mm-leather-strap-watch-tw2t18200,The Marlin is charming because it is not trying to be important. A small vintage-feel watch that adds character without pretending to be an heirloom.
Style,The signature piece,https://hessentials.co/style/the-signature-piece,Workwear-Cut Chore Coat,Margaret Howell,Chore Coat,https://www.margarethowell.co.uk/men/clothing,collection,,https://www.margarethowell.co.uk/men/clothing/jackets/mhl-cotton-drill-work-jacket-navy-mhl2059,"Margaret Howell makes workwear feel quiet, not costumed. The shape is familiar, but the restraint is what makes it signature."
Style,The uniform is not boring,https://hessentials.co/style/the-uniform-is-not-boring,COS for a slightly more minimal cut,COS,Men's T-shirt,https://www.cos.com/en_usd/men/men-tops/men-t-shirts.html,collection,duplicate URL with The 5-piece rule,https://www.cos.com/en-us/men/menswear/tshirts/regular-fit/product/heavyweight-cotton-t-shirt-white-1204990001,"The minimal tee should have enough weight to stand alone. COS keeps the cut quiet and the surface clean, which is the whole uniform premise."
Style,The uniform is not boring,https://hessentials.co/style/the-uniform-is-not-boring,Heavyweight Structured Tee,Buck Mason,Heavyweight Tee,https://www.buckmason.com/collections/heavyweight-tees,collection,duplicate URL with The 5-piece rule,https://www.buckmason.com/products/white-field-spec-cotton-heavy-tee,Buck Mason earns the hero tee slot because the fabric does not collapse by lunch. It frames the body without looking engineered.
Style,The uniform is not boring,https://hessentials.co/style/the-uniform-is-not-boring,Lululemon for a softer more flexible version,Lululemon,Mens Pants,https://shop.lululemon.com/c/mens-pants,collection,,https://shop.lululemon.com/p/men-pants/ABC-Classic-Fit-Trouser-32/_/prod11500060,"The flexible version has to stay visually disciplined. This gives stretch and comfort, but keeps the pant clean enough for the uniform to hold."
Style,The uniform is not boring,https://hessentials.co/style/the-uniform-is-not-boring,Minimal Leather Sneaker,Common Projects (intended),Achilles,https://www.nordstrom.com/sr?keyword=common+projects+achilles,WEAK,Nordstrom search URL — keyword preserved in URL but lands on search results page; replace with canonical product URL,https://www.commonprojects.com/products/original-achilles-low-in-leather-white-1528,The Achilles is still the reference point because it made the plain sneaker feel precise. It belongs when the uniform needs silence at the foot.
Style,The uniform is not boring,https://hessentials.co/style/the-uniform-is-not-boring,New Balance 990 if you want comfort first,New Balance,990v6,https://www.newbalance.com/pd/made-in-usa-990v6/M990V6-43094-PMG-NA.html,product,clean direct-to-product,https://www.newbalance.com/pd/made-in-usa-990v6/M990V6-43021.html,"The 990 is the comfort-first choice with real cultural weight. It changes the outfit, but it does not cheapen it."
Style,The uniform is not boring,https://hessentials.co/style/the-uniform-is-not-boring,Relaxed Tailored Trouser,COS,Relaxed Trouser,https://www.cos.com/en_usd/men/men-trousers.html,collection,duplicate URL with Casual is not a free pass,https://www.cos.com/en-us/men/menswear/trousers/product/relaxed-fit-twill-trousers-black-1219005001,"The relaxed trouser is the uniform's pressure release. Clean enough to repeat, easy enough to actually wear."
Style,The uniform is not boring,https://hessentials.co/style/the-uniform-is-not-boring,Soft Structured Jacket,Alo Yoga,Mens Jacket,https://www.aloyoga.com/collections/mens-jackets-and-hoodies,collection,,https://www.aloyoga.com/products/m4246r-triumph-bomber-black,FLAG FOR JORDAN: Alo may be too activewear-coded for the permanent archive. This only works if the article wants softness and ease more than tailoring.
Style,The uniform is not boring,https://hessentials.co/style/the-uniform-is-not-boring,Theory if you want it sharper,Theory,Mens Jacket,https://www.theory.com/men/jackets-coats/,collection,,https://www.theory.com/men/jackets-blazers/clinton-blazer-in-precision-ponte/N0197236_XHX.html,"Theory is the sharper lane when the uniform needs more authority. The ponte keeps it from going office costume, but the line still cleans up everything."
Style,Your home has an outfit too,https://hessentials.co/style/your-home-has-an-outfit-too,CB2 for a cleaner profile,CB2,Table Lamp,https://www.cb2.com/lighting/table-lamps/1,collection,duplicate URL with The entryway test,https://www.cb2.com/bell-white-table-lamp/s516237,"CB2 is useful when the lamp needs shape without nostalgia. Clean profile, sculptural enough, and quiet enough to not hijack the entry."
Style,Your home has an outfit too,https://hessentials.co/style/your-home-has-an-outfit-too,Ceramic Table Lamp,Cedar & Moss,Ceramic Table Lamp,https://cedarandmoss.com/collections/table-lamps,collection,duplicate URL with The entryway test,https://cedarandmoss.com/products/luna-table-lamp,A ceramic lamp softens the threshold immediately. It brings material warmth before the rest of the room has to explain itself.
Style,Your home has an outfit too,https://hessentials.co/style/your-home-has-an-outfit-too,H&M Home for an everyday version,H&M Home,Throw,https://www2.hm.com/en_us/home/shop-by-product/throws.html,collection,,REMOVE FROM ARTICLE,
Style,Your home has an outfit too,https://hessentials.co/style/your-home-has-an-outfit-too,Heavyweight Linen Throw,The Citizenry,Linen Throw,https://www.the-citizenry.com/collections/throws,collection,,https://www.the-citizenry.com/products/stonewashed-linen-bed-blanket,"The linen throw should look better rumpled than arranged. This brings weight, texture, and that quiet room-softening effect without plushness."
Style,Your home has an outfit too,https://hessentials.co/style/your-home-has-an-outfit-too,Linen-Blend Sofa,Article,Linen-Blend Sofa,https://www.article.com/category/sofas,collection,,https://www.article.com/product/21247/sven-birch-ivory-sofa,Article works when the sofa needs the linen look without bespoke anxiety. It gives shape and warmth at a price where the room can still breathe.
Style,Your home has an outfit too,https://hessentials.co/style/your-home-has-an-outfit-too,Solid Wood Coffee Table,Crate & Barrel,Coffee Table,https://www.crateandbarrel.com/furniture/coffee-tables/1,collection,,https://www.crateandbarrel.com/yukon-natural-coffee-table/s319269,"A solid wood table earns the room because it can take marks and become better. The object should anchor the space, not just fill the middle."
Style,Your home has an outfit too,https://hessentials.co/style/your-home-has-an-outfit-too,Sundays for a softer more handmade feel,Sundays,Sofa,https://sundays-company.com/collections/sofas,collection,,https://www.sundays-company.com/products/movie-night-sofa-cream-linen,"Sundays brings the softer, slower sofa feeling. It is less architectural than Article, but warmer and more human in the room."
Style,Your home has an outfit too,https://hessentials.co/style/your-home-has-an-outfit-too,West Elm for more design variety,West Elm,Coffee Table,https://www.westelm.com/shop/furniture/all-coffee-tables/,collection,,https://www.westelm.com/products/anton-solid-wood-coffee-table-h4546/,"West Elm belongs only when the pick is restrained. Solid wood, simple proportion, and enough presence to avoid looking like filler."